{
    "metrics": {
        "checks": {
            "passes": 100,
            "fails": 0,
            "thresholds": {
                "rate==1.0": false
            },
            "value": 1
        },
        "http_reqs": {
            "count": 50,
            "rate": 258.67866935692484
        },
        "http_req_connecting": {
            "avg": 0.0032,
            "min": 0,
            "med": 0,
            "max": 0.16,
            "p(90)": 0,
            "p(95)": 0
        },
        "data_sent": {
            "count": 24100,
            "rate": 124683.11863003777
        },
        "http_req_receiving": {
            "med": 0.068,
            "max": 0.254,
            "p(90)": 0.1461,
            "p(95)": 0.1634,
            "avg": 0.08098,
            "min": 0.018
        },
        "http_req_blocked": {
            "max": 0.411,
            "p(90)": 0.004,
            "p(95)": 0.004549999999999998,
            "avg": 0.0109,
            "min": 0.001,
            "med": 0.002
        },
        "http_req_duration": {
            "avg": 3.713280000000002,
            "min": 1.199,
            "med": 1.69,
            "max": 97.915,
            "p(90)": 2.4963,
            "p(95)": 2.7324499999999996
        },
        "http_req_tls_handshaking": {
            "avg": 0,
            "min": 0,
            "med": 0,
            "max": 0,
            "p(90)": 0,
            "p(95)": 0
        },
        "http_req_failed": {
            "passes": 0,
            "fails": 50,
            "value": 0
        },
        "data_received": {
            "count": 35150,
            "rate": 181851.10455791815
        },
        "iteration_duration": {
            "med": 1.8170625,
            "max": 98.625,
            "p(90)": 2.6322083000000003,
            "p(95)": 2.894992,
            "avg": 3.8570041199999996,
            "min": 1.275042
        },
        "http_req_duration{expected_response:true}": {
            "avg": 3.713280000000002,
            "min": 1.199,
            "med": 1.69,
            "max": 97.915,
            "p(90)": 2.4963,
            "p(95)": 2.7324499999999996
        },
        "http_req_sending": {
            "avg": 0.015700000000000006,
            "min": 0.007,
            "med": 0.013,
            "max": 0.109,
            "p(90)": 0.020100000000000003,
            "p(95)": 0.025299999999999986
        },
        "http_req_waiting": {
            "max": 97.733,
            "p(90)": 2.3813,
            "p(95)": 2.64255,
            "avg": 3.6166,
            "min": 1.089,
            "med": 1.629
        },
        "iterations": {
            "count": 50,
            "rate": 258.67866935692484
        }
    },
    "root_group": {
        "name": "",
        "path": "",
        "id": "d41d8cd98f00b204e9800998ecf8427e",
        "groups": {},
        "checks": {
                "status is 201": {
                    "name": "status is 201",
                    "path": "::status is 201",
                    "id": "ec8c9afd59577ad0eb26fbf150ecf791",
                    "passes": 50,
                    "fails": 0
                },
                "same betId as the first accept": {
                    "fails": 0,
                    "name": "same betId as the first accept",
                    "path": "::same betId as the first accept",
                    "id": "8b2134d176392858c67f710cd0f9cef5",
                    "passes": 50
                }
            }
    }
}