{
    "root_group": {
        "name": "",
        "path": "",
        "id": "d41d8cd98f00b204e9800998ecf8427e",
        "groups": {},
        "checks": {
                "status is 201": {
                    "name": "status is 201",
                    "path": "::status is 201",
                    "id": "ec8c9afd59577ad0eb26fbf150ecf791",
                    "passes": 4500,
                    "fails": 0
                }
            }
    },
    "metrics": {
        "http_req_failed": {
            "passes": 0,
            "fails": 4500,
            "thresholds": {
                "rate<0.001": false
            },
            "value": 0
        },
        "http_req_duration{expected_response:true}": {
            "med": 91.52600000000001,
            "p(95)": 120.6648,
            "p(99)": 148.49516999999997,
            "max": 192.195,
            "avg": 96.91443666666653
        },
        "http_req_sending": {
            "avg": 0.027635777777778328,
            "med": 0.022,
            "p(95)": 0.052,
            "p(99)": 0.10000999999999996,
            "max": 0.654
        },
        "http_req_tls_handshaking": {
            "med": 0,
            "p(95)": 0,
            "p(99)": 0,
            "max": 0,
            "avg": 0
        },
        "iteration_duration": {
            "avg": 97.27525411711099,
            "med": 91.8563125,
            "p(95)": 121.13322115,
            "p(99)": 149.01127232999997,
            "max": 192.601333
        },
        "vus": {
            "value": 13,
            "min": 13,
            "max": 23
        },
        "http_req_waiting": {
            "avg": 96.73508644444453,
            "med": 91.4135,
            "p(95)": 120.37409999999998,
            "p(99)": 147.87695999999997,
            "max": 189.874
        },
        "place_latency_ms": {
            "avg": 96.91443666666653,
            "med": 91.52600000000001,
            "p(95)": 120.6648,
            "p(99)": 148.49516999999997,
            "max": 192.195
        },
        "http_req_duration{op:place}": {
            "avg": 96.91443666666653,
            "med": 91.52600000000001,
            "p(95)": 120.6648,
            "p(99)": 148.49516999999997,
            "max": 192.195,
            "thresholds": {
                "p(99)<100": true,
                "p(95)<50": true
            }
        },
        "place_errors": {
            "fails": 4500,
            "passes": 0,
            "value": 0
        },
        "http_req_receiving": {
            "med": 0.101,
            "p(95)": 0.3680499999999998,
            "p(99)": 0.8580199999999999,
            "max": 14.417,
            "avg": 0.15171444444444523
        },
        "http_reqs": {
            "count": 4500,
            "rate": 149.5893324057465
        },
        "http_req_connecting": {
            "max": 0.663,
            "avg": 0.012101555555555555,
            "med": 0,
            "p(95)": 0,
            "p(99)": 0.303
        },
        "http_req_duration": {
            "med": 91.52600000000001,
            "p(95)": 120.6648,
            "p(99)": 148.49516999999997,
            "max": 192.195,
            "avg": 96.91443666666653
        },
        "data_sent": {
            "count": 2245500,
            "rate": 74645.0768704675
        },
        "http_req_blocked": {
            "avg": 0.020956444444445325,
            "med": 0.005,
            "p(95)": 0.0220499999999998,
            "p(99)": 0.38400999999999996,
            "max": 0.782
        },
        "data_received": {
            "rate": 105160.90177635338,
            "count": 3163488
        },
        "checks": {
            "passes": 4500,
            "fails": 0,
            "value": 1
        },
        "iterations": {
            "count": 4500,
            "rate": 149.5893324057465
        },
        "vus_max": {
            "value": 200,
            "min": 200,
            "max": 200
        }
    }
}